2-month-old infant with feeding intolerance XGC472CEZH9O	"<img src=""Gastric_Motility18.jpg""><br><img src=""Gastric_Motility19.jpg"">"	"<div class=""stackItem""><img src=""Gastric_Motility18_annot.jpg""><div class=""stackCap"">Anterior Tc-99m sulfur colloid liquid gastric emptying scan in a 2 month old who was not tolerating feeding shows region of interest around the stomach <img src=""arrow_CS.png"">. A bolus of the infant's formula was utilized for the scan.</div></div><div class=""stackItem""><img src=""Gastric_Motility19_annot.jpg""><div class=""stackCap"">Graph from the gastric emptying scan in the same patient shows that the stomach is emptied by 90 minutes <img src=""arrow_CO.png"">. This is useful for size and timing of feeds, which can be tailored based on results of the scan.</div></div>"	Most likely diagnosis?	Normal liquid gastric emptying<br><br>KEYWORD FINDINGS:<br>region of interest around the stomach<br>infant's formula<br>stomach is emptied by 90 minutes<br><br>The stomach empties by 90 minutes on the formula-based liquid study, supporting normal/progressive liquid emptying for this patient.<br><br>Differential:<br>Gastroparesis<br>Dumping syndrome<br>Gastroesophageal reflux																<div><b>Gastric Motility</b></div><br><b>Source Basis:</b> RadPrimer article text and selected image captions captured in this audit bundle. Core evidence was NOT_PROVIDED, so Core-only claims were removed or relabeled as RadPrimer/source-package supported.<br><br><b>High-yield frame:</b><ul><li>Gastroparesis is delayed gastric emptying without mechanical obstruction; dumping is abnormally rapid gastric emptying.</li><li>Solid gastric emptying scintigraphy is the diagnostic test of choice for suspected gastroparesis.</li><li>Milk studies in infants can assess reflux frequency/severity and gastric emptying, but normal values are sparse and formula-dependent.</li><li>Liquid, solid, and milk/formula emptying can be discordant; interpret each phase and protocol with its own limitations.</li><li>ROI placement, timing, decay correction, and geometric-mean processing are major accuracy checks.</li></ul>	
14-year-old patient with abdominal pain LYH861R5VT2J	"<img src=""Gastric_Motility1.jpg"">"	"<div class=""stackItem""><img src=""Gastric_Motility1_annot.jpg""><div class=""stackCap"">Anterior-posterior planar images show a normal dual-phase gastric emptying scan in a 14 year old with abdominal pain. Liquid gastric emptying <img src=""arrow_CS.png""> is 42% at 1 hour and 82% at 2 hours. Solid gastric emptying <img src=""arrow_BS.png""> is 66% at 2 hours and 99% at 4 hours.</div></div>"	Most likely diagnosis?	Normal dual-phase gastric emptying<br><br>KEYWORD FINDINGS:<br>normal dual-phase gastric emptying scan<br>42% at 1 hour<br>82% at 2 hours<br>66% at 2 hours<br>99% at 4 hours<br><br>Both liquid and solid phases show progressive emptying, with near-complete solid emptying by 4 hours.<br><br>Differential:<br>Gastroparesis<br>Dumping syndrome<br>Gastroesophageal reflux																<div><b>Gastric Motility</b></div><br><b>Source Basis:</b> RadPrimer article text and selected image captions captured in this audit bundle. Core evidence was NOT_PROVIDED, so Core-only claims were removed or relabeled as RadPrimer/source-package supported.<br><br><b>High-yield frame:</b><ul><li>Gastroparesis is delayed gastric emptying without mechanical obstruction; dumping is abnormally rapid gastric emptying.</li><li>Solid gastric emptying scintigraphy is the diagnostic test of choice for suspected gastroparesis.</li><li>Milk studies in infants can assess reflux frequency/severity and gastric emptying, but normal values are sparse and formula-dependent.</li><li>Liquid, solid, and milk/formula emptying can be discordant; interpret each phase and protocol with its own limitations.</li><li>ROI placement, timing, decay correction, and geometric-mean processing are major accuracy checks.</li></ul>	
Pediatric patient with upper gastrointestinal symptoms EJ6SPNW1S5RW	"<img src=""Gastric_Motility2.jpg"">"	"<div class=""stackItem""><img src=""Gastric_Motility2_annot.jpg""><div class=""stackCap"">Anterior-posterior planar images show a normal dual-phase gastric emptying scan (liquid <img src=""arrow_CS.png"">: 62% at 1 hour, 83% at 2 hours; solid <img src=""arrow_BS.png"">: 73% at 2 hours, 94% at 3 hours). Because solid emptying was > 90% at 3 hours, imaging was not performed at 4 hours.</div></div>"	Most likely diagnosis?	Normal dual-phase gastric emptying<br><br>KEYWORD FINDINGS:<br>normal dual-phase gastric emptying scan<br>62% at 1 hour<br>83% at 2 hours<br>73% at 2 hours<br>94% at 3 hours<br><br>Both phases empty progressively; solid emptying exceeds 90% by 3 hours, so further imaging was unnecessary in this case.<br><br>Differential:<br>Gastroparesis<br>Dumping syndrome<br>Gastroesophageal reflux																<div><b>Gastric Motility</b></div><br><b>Source Basis:</b> RadPrimer article text and selected image captions captured in this audit bundle. Core evidence was NOT_PROVIDED, so Core-only claims were removed or relabeled as RadPrimer/source-package supported.<br><br><b>High-yield frame:</b><ul><li>Gastroparesis is delayed gastric emptying without mechanical obstruction; dumping is abnormally rapid gastric emptying.</li><li>Solid gastric emptying scintigraphy is the diagnostic test of choice for suspected gastroparesis.</li><li>Milk studies in infants can assess reflux frequency/severity and gastric emptying, but normal values are sparse and formula-dependent.</li><li>Liquid, solid, and milk/formula emptying can be discordant; interpret each phase and protocol with its own limitations.</li><li>ROI placement, timing, decay correction, and geometric-mean processing are major accuracy checks.</li></ul>	
Pediatric patient with nausea and abdominal discomfort 1VZ6JN2TYUAW	"<img src=""Gastric_Motility3.jpg"">"	"<div class=""stackItem""><img src=""Gastric_Motility3_annot.jpg""><div class=""stackCap"">Anterior-posterior planar images show a normal dual-phase gastric emptying scan (liquid <img src=""arrow_CS.png"">: 57% at 1 hour, 92% at 2 hours; solid <img src=""arrow_BS.png"">: 37% at 1 hour, 91% at 2 hours). Because solid emptying was > 90% at 2 hours, imaging was not performed through 4 hours.</div></div>"	Most likely diagnosis?	Normal dual-phase gastric emptying<br><br>KEYWORD FINDINGS:<br>normal dual-phase gastric emptying scan<br>57% at 1 hour<br>92% at 2 hours<br>37% at 1 hour<br>91% at 2 hours<br><br>Both phases empty normally, and solid emptying already exceeds 90% at 2 hours.<br><br>Differential:<br>Gastroparesis<br>Dumping syndrome<br>Gastroesophageal reflux																<div><b>Gastric Motility</b></div><br><b>Source Basis:</b> RadPrimer article text and selected image captions captured in this audit bundle. Core evidence was NOT_PROVIDED, so Core-only claims were removed or relabeled as RadPrimer/source-package supported.<br><br><b>High-yield frame:</b><ul><li>Gastroparesis is delayed gastric emptying without mechanical obstruction; dumping is abnormally rapid gastric emptying.</li><li>Solid gastric emptying scintigraphy is the diagnostic test of choice for suspected gastroparesis.</li><li>Milk studies in infants can assess reflux frequency/severity and gastric emptying, but normal values are sparse and formula-dependent.</li><li>Liquid, solid, and milk/formula emptying can be discordant; interpret each phase and protocol with its own limitations.</li><li>ROI placement, timing, decay correction, and geometric-mean processing are major accuracy checks.</li></ul>	
Patient with nausea, vomiting, and early satiety JKL1YCFGVOA3	"<img src=""Gastric_Motility4.jpg"">"	"<div class=""stackItem""><img src=""Gastric_Motility4_annot.jpg""><div class=""stackCap"">Anterior-posterior planar images show an abnormal dual-phase gastric emptying scan. Emptying of both phases is abnormal: Liquid emptying <img src=""arrow_CS.png""> is 35% at 1 hour and 2 hours and solid emptying <img src=""arrow_BS.png""> is 11% at 2 hours and 4 hours.</div></div>"	Most likely diagnosis?	Delayed liquid and solid gastric emptying<br><br>KEYWORD FINDINGS:<br>abnormal dual-phase gastric emptying scan<br>both phases is abnormal<br>35% at 1 hour and 2 hours<br>11% at 2 hours and 4 hours<br><br>Minimal interval emptying of either phase indicates marked retention of both liquid and solid contents.<br><br>Differential:<br>Gastroparesis<br>Dumping syndrome<br>Gastroesophageal reflux																<div><b>Gastric Motility</b></div><br><b>Source Basis:</b> RadPrimer article text and selected image captions captured in this audit bundle. Core evidence was NOT_PROVIDED, so Core-only claims were removed or relabeled as RadPrimer/source-package supported.<br><br><b>High-yield frame:</b><ul><li>Gastroparesis is delayed gastric emptying without mechanical obstruction; dumping is abnormally rapid gastric emptying.</li><li>Solid gastric emptying scintigraphy is the diagnostic test of choice for suspected gastroparesis.</li><li>Milk studies in infants can assess reflux frequency/severity and gastric emptying, but normal values are sparse and formula-dependent.</li><li>Liquid, solid, and milk/formula emptying can be discordant; interpret each phase and protocol with its own limitations.</li><li>ROI placement, timing, decay correction, and geometric-mean processing are major accuracy checks.</li></ul>	
Patient with chronic postprandial symptoms 887FJJ8RMG7Q	"<img src=""Gastric_Motility5.jpg"">"	"<div class=""stackItem""><img src=""Gastric_Motility5_annot.jpg""><div class=""stackCap"">Anterior-posterior planar images show a dual-phase gastric emptying scan in which emptying of the liquid phase <img src=""arrow_CS.png""> is abnormal (59% at 1 hours, 67% at 2 hours) but emptying of the solid phase <img src=""arrow_BS.png""> is normal (49% at 2 hours, 96% at 4 hours).</div></div>"	Most likely diagnosis?	Isolated delayed liquid gastric emptying<br><br>KEYWORD FINDINGS:<br>liquid phase is abnormal<br>59% at 1 hours<br>67% at 2 hours<br>solid phase is normal<br>96% at 4 hours<br><br>The abnormal liquid phase with a normal solid phase demonstrates that liquid and solid emptying can be discordant.<br><br>Differential:<br>Gastroparesis<br>Dumping syndrome<br>Gastroesophageal reflux																<div><b>Gastric Motility</b></div><br><b>Source Basis:</b> RadPrimer article text and selected image captions captured in this audit bundle. Core evidence was NOT_PROVIDED, so Core-only claims were removed or relabeled as RadPrimer/source-package supported.<br><br><b>High-yield frame:</b><ul><li>Gastroparesis is delayed gastric emptying without mechanical obstruction; dumping is abnormally rapid gastric emptying.</li><li>Solid gastric emptying scintigraphy is the diagnostic test of choice for suspected gastroparesis.</li><li>Milk studies in infants can assess reflux frequency/severity and gastric emptying, but normal values are sparse and formula-dependent.</li><li>Liquid, solid, and milk/formula emptying can be discordant; interpret each phase and protocol with its own limitations.</li><li>ROI placement, timing, decay correction, and geometric-mean processing are major accuracy checks.</li></ul>	
Patient with postprandial abdominal discomfort and diarrhea 3QGFAPZ81CNM	"<img src=""Gastric_Motility6.jpg"">"	"<div class=""stackItem""><img src=""Gastric_Motility6_annot.jpg""><div class=""stackCap"">Anterior-posterior planar images show an abnormal dual-phase gastric emptying scan. Emptying of both phases is abnormally rapid, reflective of dumping: Liquid (76% at 1 hour, 94% at 2 hours), solid (77% at 1 hour, 98% at 2 hours). Note no activity in stomach at 2 hours <img src=""arrow_BS.png"">.</div></div>"	Most likely diagnosis?	Dumping syndrome<br><br>KEYWORD FINDINGS:<br>both phases is abnormally rapid<br>76% at 1 hour<br>94% at 2 hours<br>77% at 1 hour<br>98% at 2 hours<br>no activity in stomach at 2 hours<br><br>Rapid emptying of both liquid and solid phases with no residual gastric activity at 2 hours supports dumping.<br><br>Differential:<br>Gastroparesis<br>Dumping syndrome<br>Gastroesophageal reflux																<div><b>Gastric Motility</b></div><br><b>Source Basis:</b> RadPrimer article text and selected image captions captured in this audit bundle. Core evidence was NOT_PROVIDED, so Core-only claims were removed or relabeled as RadPrimer/source-package supported.<br><br><b>High-yield frame:</b><ul><li>Gastroparesis is delayed gastric emptying without mechanical obstruction; dumping is abnormally rapid gastric emptying.</li><li>Solid gastric emptying scintigraphy is the diagnostic test of choice for suspected gastroparesis.</li><li>Milk studies in infants can assess reflux frequency/severity and gastric emptying, but normal values are sparse and formula-dependent.</li><li>Liquid, solid, and milk/formula emptying can be discordant; interpret each phase and protocol with its own limitations.</li><li>ROI placement, timing, decay correction, and geometric-mean processing are major accuracy checks.</li></ul>	
Patient with vomiting and early satiety V1VF3BJAQ585	"<img src=""Gastric_Motility7.jpg"">"	"<div class=""stackItem""><img src=""Gastric_Motility7_annot.jpg""><div class=""stackCap"">Anterior dual-phase gastric emptying scan shows retention of radiotracer in the stomach <img src=""arrow_BS.png"">, reflective of delayed emptying (59% liquid, 27% solid emptying at 2 hours). Radiotracer is also seen in the esophagus due to gastroesophageal reflux <img src=""arrow_CS.png"">.</div></div>"	Most likely diagnosis?	Delayed gastric emptying with gastroesophageal reflux<br><br>KEYWORD FINDINGS:<br>retention of radiotracer in the stomach<br>delayed emptying<br>59% liquid<br>27% solid emptying at 2 hours<br>radiotracer is also seen in the esophagus<br><br>Persistent gastric activity indicates delayed emptying, while simultaneous esophageal activity documents reflux.<br><br>Differential:<br>Gastroparesis<br>Dumping syndrome<br>Gastroesophageal reflux																<div><b>Gastric Motility</b></div><br><b>Source Basis:</b> RadPrimer article text and selected image captions captured in this audit bundle. Core evidence was NOT_PROVIDED, so Core-only claims were removed or relabeled as RadPrimer/source-package supported.<br><br><b>High-yield frame:</b><ul><li>Gastroparesis is delayed gastric emptying without mechanical obstruction; dumping is abnormally rapid gastric emptying.</li><li>Solid gastric emptying scintigraphy is the diagnostic test of choice for suspected gastroparesis.</li><li>Milk studies in infants can assess reflux frequency/severity and gastric emptying, but normal values are sparse and formula-dependent.</li><li>Liquid, solid, and milk/formula emptying can be discordant; interpret each phase and protocol with its own limitations.</li><li>ROI placement, timing, decay correction, and geometric-mean processing are major accuracy checks.</li></ul>	
Patient with nonspecific upper abdominal symptoms CYMTQICSH6VX	"<img src=""Gastric_Motility8.jpg"">"	"<div class=""stackItem""><img src=""Gastric_Motility8_annot.jpg""><div class=""stackCap"">Anterior-posterior planar images show a normal solid-phase gastric emptying scan (41% at 2 hours and 99% at 4 hours).</div></div>"	Most likely diagnosis?	Normal solid gastric emptying<br><br>KEYWORD FINDINGS:<br>normal solid-phase gastric emptying scan<br>41% at 2 hours<br>99% at 4 hours<br><br>Progressive emptying with 99% emptied by 4 hours is normal.<br><br>Differential:<br>Gastroparesis<br>Dumping syndrome<br>Gastroesophageal reflux																<div><b>Gastric Motility</b></div><br><b>Source Basis:</b> RadPrimer article text and selected image captions captured in this audit bundle. Core evidence was NOT_PROVIDED, so Core-only claims were removed or relabeled as RadPrimer/source-package supported.<br><br><b>High-yield frame:</b><ul><li>Gastroparesis is delayed gastric emptying without mechanical obstruction; dumping is abnormally rapid gastric emptying.</li><li>Solid gastric emptying scintigraphy is the diagnostic test of choice for suspected gastroparesis.</li><li>Milk studies in infants can assess reflux frequency/severity and gastric emptying, but normal values are sparse and formula-dependent.</li><li>Liquid, solid, and milk/formula emptying can be discordant; interpret each phase and protocol with its own limitations.</li><li>ROI placement, timing, decay correction, and geometric-mean processing are major accuracy checks.</li></ul>	
Patient with abdominal pain and regurgitation 8P22HJ8Q6M5E	"<img src=""Gastric_Motility9.jpg"">"	"<div class=""stackItem""><img src=""Gastric_Motility9_annot.jpg""><div class=""stackCap"">Anterior-posterior planar images show a normal solid-phase gastric emptying scan performed with Ensure Plus. There is 56% emptying at 2 hours and 94% at 4 hours. Gastroesophageal reflux <img src=""arrow_CS.png""> is present at 2 hours.</div></div>"	Most likely diagnosis?	Normal solid gastric emptying with gastroesophageal reflux<br><br>KEYWORD FINDINGS:<br>normal solid-phase gastric emptying scan<br>Ensure Plus<br>56% emptying at 2 hours<br>94% at 4 hours<br>Gastroesophageal reflux<br>present at 2 hours<br><br>Solid emptying reaches a normal 4-hour value despite a documented reflux episode.<br><br>Differential:<br>Gastroparesis<br>Dumping syndrome<br>Gastroesophageal reflux																<div><b>Gastric Motility</b></div><br><b>Source Basis:</b> RadPrimer article text and selected image captions captured in this audit bundle. Core evidence was NOT_PROVIDED, so Core-only claims were removed or relabeled as RadPrimer/source-package supported.<br><br><b>High-yield frame:</b><ul><li>Gastroparesis is delayed gastric emptying without mechanical obstruction; dumping is abnormally rapid gastric emptying.</li><li>Solid gastric emptying scintigraphy is the diagnostic test of choice for suspected gastroparesis.</li><li>Milk studies in infants can assess reflux frequency/severity and gastric emptying, but normal values are sparse and formula-dependent.</li><li>Liquid, solid, and milk/formula emptying can be discordant; interpret each phase and protocol with its own limitations.</li><li>ROI placement, timing, decay correction, and geometric-mean processing are major accuracy checks.</li></ul>	
Patient with nausea and prolonged fullness N1GUNPYB0DG7	"<img src=""Gastric_Motility10.jpg"">"	"<div class=""stackItem""><img src=""Gastric_Motility10_annot.jpg""><div class=""stackCap"">Anterior-posterior planar images show an abnormal solid-phase gastric emptying scan (41% at 2 hours and 84% at 4 hours).</div></div>"	Most likely diagnosis?	Delayed solid gastric emptying<br><br>KEYWORD FINDINGS:<br>abnormal solid-phase gastric emptying scan<br>41% at 2 hours<br>84% at 4 hours<br><br>Only 84% empties by 4 hours, leaving 16% retention and supporting delayed solid emptying.<br><br>Differential:<br>Gastroparesis<br>Dumping syndrome<br>Gastroesophageal reflux																<div><b>Gastric Motility</b></div><br><b>Source Basis:</b> RadPrimer article text and selected image captions captured in this audit bundle. Core evidence was NOT_PROVIDED, so Core-only claims were removed or relabeled as RadPrimer/source-package supported.<br><br><b>High-yield frame:</b><ul><li>Gastroparesis is delayed gastric emptying without mechanical obstruction; dumping is abnormally rapid gastric emptying.</li><li>Solid gastric emptying scintigraphy is the diagnostic test of choice for suspected gastroparesis.</li><li>Milk studies in infants can assess reflux frequency/severity and gastric emptying, but normal values are sparse and formula-dependent.</li><li>Liquid, solid, and milk/formula emptying can be discordant; interpret each phase and protocol with its own limitations.</li><li>ROI placement, timing, decay correction, and geometric-mean processing are major accuracy checks.</li></ul>	
Patient with vomiting and weight loss M1O9HMB8003Y	"<img src=""Gastric_Motility11.jpg"">"	"<div class=""stackItem""><img src=""Gastric_Motility11_annot.jpg""><div class=""stackCap"">Anterior-posterior planar images show an abnormal solid-phase gastric emptying scan performed with Ensure Plus (46% at 2 hours and 57% at 4 hours).</div></div>"	Most likely diagnosis?	Markedly delayed solid gastric emptying<br><br>KEYWORD FINDINGS:<br>abnormal solid-phase gastric emptying scan<br>Ensure Plus<br>46% at 2 hours<br>57% at 4 hours<br><br>Substantial retained activity remains at 4 hours, indicating marked delayed emptying.<br><br>Differential:<br>Gastroparesis<br>Dumping syndrome<br>Gastroesophageal reflux																<div><b>Gastric Motility</b></div><br><b>Source Basis:</b> RadPrimer article text and selected image captions captured in this audit bundle. Core evidence was NOT_PROVIDED, so Core-only claims were removed or relabeled as RadPrimer/source-package supported.<br><br><b>High-yield frame:</b><ul><li>Gastroparesis is delayed gastric emptying without mechanical obstruction; dumping is abnormally rapid gastric emptying.</li><li>Solid gastric emptying scintigraphy is the diagnostic test of choice for suspected gastroparesis.</li><li>Milk studies in infants can assess reflux frequency/severity and gastric emptying, but normal values are sparse and formula-dependent.</li><li>Liquid, solid, and milk/formula emptying can be discordant; interpret each phase and protocol with its own limitations.</li><li>ROI placement, timing, decay correction, and geometric-mean processing are major accuracy checks.</li></ul>	
Patient with postprandial nausea JYMY0V36WB62	"<img src=""Gastric_Motility12.jpg"">"	"<div class=""stackItem""><img src=""Gastric_Motility12_annot.jpg""><div class=""stackCap"">Anterior-posterior planar images show a solid-phase gastric emptying scan in which emptying is abnormal at 2 hours (69%) and normal at 4 hours (96%).</div></div>"	Most likely diagnosis?	Normal 4-hour solid gastric emptying despite abnormal 2-hour value<br><br>KEYWORD FINDINGS:<br>abnormal at 2 hours<br>69%<br>normal at 4 hours<br>96%<br><br>The 2-hour value is abnormal, but the 4-hour result normalizes; the source notes that institutional interpretation of this pattern varies.<br><br>Differential:<br>Gastroparesis<br>Dumping syndrome<br>Gastroesophageal reflux																<div><b>Gastric Motility</b></div><br><b>Source Basis:</b> RadPrimer article text and selected image captions captured in this audit bundle. Core evidence was NOT_PROVIDED, so Core-only claims were removed or relabeled as RadPrimer/source-package supported.<br><br><b>High-yield frame:</b><ul><li>Gastroparesis is delayed gastric emptying without mechanical obstruction; dumping is abnormally rapid gastric emptying.</li><li>Solid gastric emptying scintigraphy is the diagnostic test of choice for suspected gastroparesis.</li><li>Milk studies in infants can assess reflux frequency/severity and gastric emptying, but normal values are sparse and formula-dependent.</li><li>Liquid, solid, and milk/formula emptying can be discordant; interpret each phase and protocol with its own limitations.</li><li>ROI placement, timing, decay correction, and geometric-mean processing are major accuracy checks.</li></ul>	
Infant with feeding difficulty BBKT6LLQWOHZ	"<img src=""Gastric_Motility13.jpg"">"	"<div class=""stackItem""><img src=""Gastric_Motility13_annot.jpg""><div class=""stackCap"">Posterior images from liquid gastric emptying scan performed with patient's own formula show progressive emptying of the stomach <img src=""arrow_BS.png""> over 2 hours (53% emptying at 2 hours <img src=""arrow_CS.png"">). Normal values exist for only certain liquids.</div></div>"	Most likely diagnosis?	Liquid gastric emptying with nonstandard-formula interpretive limitation<br><br>KEYWORD FINDINGS:<br>patient's own formula<br>progressive emptying of the stomach<br>over 2 hours<br>53% emptying at 2 hours<br>Normal values exist for only certain liquids<br><br>The study demonstrates measurable progressive emptying, but a definitive normal/abnormal label is limited because validated norms do not exist for every formula.<br><br>Differential:<br>Gastroparesis<br>Dumping syndrome<br>Gastroesophageal reflux																<div><b>Gastric Motility</b></div><br><b>Source Basis:</b> RadPrimer article text and selected image captions captured in this audit bundle. Core evidence was NOT_PROVIDED, so Core-only claims were removed or relabeled as RadPrimer/source-package supported.<br><br><b>High-yield frame:</b><ul><li>Gastroparesis is delayed gastric emptying without mechanical obstruction; dumping is abnormally rapid gastric emptying.</li><li>Solid gastric emptying scintigraphy is the diagnostic test of choice for suspected gastroparesis.</li><li>Milk studies in infants can assess reflux frequency/severity and gastric emptying, but normal values are sparse and formula-dependent.</li><li>Liquid, solid, and milk/formula emptying can be discordant; interpret each phase and protocol with its own limitations.</li><li>ROI placement, timing, decay correction, and geometric-mean processing are major accuracy checks.</li></ul>	
Infant with reflux-like symptoms RIOM1YU1ZPSE	"<img src=""Gastric_Motility14.jpg"">"	"<div class=""stackItem""><img src=""Gastric_Motility14_annot.jpg""><div class=""stackCap"">Posterior projection images from a normal milk study show progressive emptying of the stomach <img src=""arrow_BS.png""> over 2 hours (57% emptying at 2 hours <img src=""arrow_CS.png"">).</div></div>"	Most likely diagnosis?	Normal milk-study gastric emptying<br><br>KEYWORD FINDINGS:<br>normal milk study<br>progressive emptying of the stomach<br>over 2 hours<br>57% emptying at 2 hours<br><br>Progressive 2-hour emptying on the milk study is interpreted as normal in this case.<br><br>Differential:<br>Gastroparesis<br>Dumping syndrome<br>Gastroesophageal reflux																<div><b>Gastric Motility</b></div><br><b>Source Basis:</b> RadPrimer article text and selected image captions captured in this audit bundle. Core evidence was NOT_PROVIDED, so Core-only claims were removed or relabeled as RadPrimer/source-package supported.<br><br><b>High-yield frame:</b><ul><li>Gastroparesis is delayed gastric emptying without mechanical obstruction; dumping is abnormally rapid gastric emptying.</li><li>Solid gastric emptying scintigraphy is the diagnostic test of choice for suspected gastroparesis.</li><li>Milk studies in infants can assess reflux frequency/severity and gastric emptying, but normal values are sparse and formula-dependent.</li><li>Liquid, solid, and milk/formula emptying can be discordant; interpret each phase and protocol with its own limitations.</li><li>ROI placement, timing, decay correction, and geometric-mean processing are major accuracy checks.</li></ul>	
Infant with vomiting and poor weight gain MPH2VFO0CIM7	"<img src=""Gastric_Motility15.jpg"">"	"<div class=""stackItem""><img src=""Gastric_Motility15_annot.jpg""><div class=""stackCap"">Posterior projection images from an abnormal milk study show retention of activity in the stomach <img src=""arrow_BS.png""> over 90 minutes with only 14% emptying <img src=""arrow_CS.png"">. Activity is present in the esophagus <img src=""arrow_CC.png""> at 60 and 90 minutes due to reflux.</div></div>"	Most likely diagnosis?	Delayed milk emptying with gastroesophageal reflux<br><br>KEYWORD FINDINGS:<br>abnormal milk study<br>retention of activity in the stomach<br>over 90 minutes<br>only 14% emptying<br>activity is present in the esophagus<br>at 60 and 90 minutes<br><br>Marked gastric retention establishes delayed milk emptying, and persistent esophageal activity documents reflux.<br><br>Differential:<br>Gastroparesis<br>Dumping syndrome<br>Gastroesophageal reflux																<div><b>Gastric Motility</b></div><br><b>Source Basis:</b> RadPrimer article text and selected image captions captured in this audit bundle. Core evidence was NOT_PROVIDED, so Core-only claims were removed or relabeled as RadPrimer/source-package supported.<br><br><b>High-yield frame:</b><ul><li>Gastroparesis is delayed gastric emptying without mechanical obstruction; dumping is abnormally rapid gastric emptying.</li><li>Solid gastric emptying scintigraphy is the diagnostic test of choice for suspected gastroparesis.</li><li>Milk studies in infants can assess reflux frequency/severity and gastric emptying, but normal values are sparse and formula-dependent.</li><li>Liquid, solid, and milk/formula emptying can be discordant; interpret each phase and protocol with its own limitations.</li><li>ROI placement, timing, decay correction, and geometric-mean processing are major accuracy checks.</li></ul>	
Infant with irritability after feeds JQB2NSKGKTLD	"<img src=""Gastric_Motility16.jpg"">"	"<div class=""stackItem""><img src=""Gastric_Motility16_annot.jpg""><div class=""stackCap"">Serial 30 second posterior images from dynamic portion of a normal milk scan are shown with a single image magnified for detail. Activity is visible in the stomach <img src=""arrow_BS.png""> and intestine <img src=""arrow_CS.png""> without any observed episodes of gastroesophageal reflux.</div></div>"	Most likely diagnosis?	Normal dynamic milk scan without gastroesophageal reflux<br><br>KEYWORD FINDINGS:<br>Serial 30 second posterior images<br>normal milk scan<br>activity is visible in the stomach<br>and intestine<br>without any observed episodes of gastroesophageal reflux<br><br>Tracer progresses from stomach to intestine without an observed reflux event.<br><br>Differential:<br>Gastroparesis<br>Dumping syndrome<br>Gastroesophageal reflux																<div><b>Gastric Motility</b></div><br><b>Source Basis:</b> RadPrimer article text and selected image captions captured in this audit bundle. Core evidence was NOT_PROVIDED, so Core-only claims were removed or relabeled as RadPrimer/source-package supported.<br><br><b>High-yield frame:</b><ul><li>Gastroparesis is delayed gastric emptying without mechanical obstruction; dumping is abnormally rapid gastric emptying.</li><li>Solid gastric emptying scintigraphy is the diagnostic test of choice for suspected gastroparesis.</li><li>Milk studies in infants can assess reflux frequency/severity and gastric emptying, but normal values are sparse and formula-dependent.</li><li>Liquid, solid, and milk/formula emptying can be discordant; interpret each phase and protocol with its own limitations.</li><li>ROI placement, timing, decay correction, and geometric-mean processing are major accuracy checks.</li></ul>	
Infant with recurrent regurgitation FPLBHM4TTF6L	"<img src=""Gastric_Motility17.jpg"">"	"<div class=""stackItem""><img src=""Gastric_Motility17_annot.jpg""><div class=""stackCap"">Posterior images from dynamic portion of milk scan show activity extending from the stomach <img src=""arrow_BS.png""> into the lower esophagus <img src=""arrow_CS.png""> and persisting for > 4 minutes, reflective of gastroesophageal reflux.</div></div>"	Most likely diagnosis?	Gastroesophageal reflux on milk scintigraphy<br><br>KEYWORD FINDINGS:<br>activity extending from the stomach<br>into the lower esophagus<br>persisting for > 4 minutes<br><br>Retrograde tracer extension into the lower esophagus persisting longer than 4 minutes represents gastroesophageal reflux.<br><br>Differential:<br>Gastroparesis<br>Dumping syndrome<br>Gastroesophageal reflux																<div><b>Gastric Motility</b></div><br><b>Source Basis:</b> RadPrimer article text and selected image captions captured in this audit bundle. Core evidence was NOT_PROVIDED, so Core-only claims were removed or relabeled as RadPrimer/source-package supported.<br><br><b>High-yield frame:</b><ul><li>Gastroparesis is delayed gastric emptying without mechanical obstruction; dumping is abnormally rapid gastric emptying.</li><li>Solid gastric emptying scintigraphy is the diagnostic test of choice for suspected gastroparesis.</li><li>Milk studies in infants can assess reflux frequency/severity and gastric emptying, but normal values are sparse and formula-dependent.</li><li>Liquid, solid, and milk/formula emptying can be discordant; interpret each phase and protocol with its own limitations.</li><li>ROI placement, timing, decay correction, and geometric-mean processing are major accuracy checks.</li></ul>	
Patient with nausea, vomiting, and early satiety JKL1YCFGVOA3 [DD1]	"<img src=""Gastric_Motility4.jpg"">"	"<div class=""stackItem""><img src=""Gastric_Motility4_annot.jpg""><div class=""stackCap"">Anterior-posterior planar images show an abnormal dual-phase gastric emptying scan. Emptying of both phases is abnormal: Liquid emptying <img src=""arrow_CS.png""> is 35% at 1 hour and 2 hours and solid emptying <img src=""arrow_BS.png""> is 11% at 2 hours and 4 hours.</div></div>"			Dual-phase delayed-emptying pattern	Planar gastric emptying scintigraphy. Based on the images, name 3 key differentials and give one best discriminator for each.	Gastroparesis<br>Mechanical gastric outlet obstruction<br>Medication-related delayed emptying	Gastroparesis: delayed emptying without mechanical obstruction.<br>Mechanical obstruction: requires structural correlation because scintigraphy alone demonstrates retention but not the obstructing lesion.<br>Medication effect: correlate with promotility-suppressing medications and whether they were appropriately held.												<div><b>Gastric Motility</b></div><br><b>Source Basis:</b> RadPrimer article text and selected image captions captured in this audit bundle. Core evidence was NOT_PROVIDED, so Core-only claims were removed or relabeled as RadPrimer/source-package supported.<br><br><b>High-yield frame:</b><ul><li>Gastroparesis is delayed gastric emptying without mechanical obstruction; dumping is abnormally rapid gastric emptying.</li><li>Solid gastric emptying scintigraphy is the diagnostic test of choice for suspected gastroparesis.</li><li>Milk studies in infants can assess reflux frequency/severity and gastric emptying, but normal values are sparse and formula-dependent.</li><li>Liquid, solid, and milk/formula emptying can be discordant; interpret each phase and protocol with its own limitations.</li><li>ROI placement, timing, decay correction, and geometric-mean processing are major accuracy checks.</li></ul>	
Patient with postprandial abdominal discomfort and diarrhea 3QGFAPZ81CNM [DD2]	"<img src=""Gastric_Motility6.jpg"">"	"<div class=""stackItem""><img src=""Gastric_Motility6_annot.jpg""><div class=""stackCap"">Anterior-posterior planar images show an abnormal dual-phase gastric emptying scan. Emptying of both phases is abnormally rapid, reflective of dumping: Liquid (76% at 1 hour, 94% at 2 hours), solid (77% at 1 hour, 98% at 2 hours). Note no activity in stomach at 2 hours <img src=""arrow_BS.png"">.</div></div>"			Rapid dual-phase emptying pattern	Planar gastric emptying scintigraphy. Based on the images, name 3 key differentials and give one best discriminator for each.	Dumping syndrome<br>Time-zero undercount from pre-imaging emptying<br>ROI/processing error	Dumping syndrome: genuinely accelerated liquid and solid transit.<br>Time-zero undercount: activity may already have left the stomach before the first image; recalculate relative to total abdominal counts.<br>ROI/processing error: verify complete gastric ROI and bowel exclusion.												<div><b>Gastric Motility</b></div><br><b>Source Basis:</b> RadPrimer article text and selected image captions captured in this audit bundle. Core evidence was NOT_PROVIDED, so Core-only claims were removed or relabeled as RadPrimer/source-package supported.<br><br><b>High-yield frame:</b><ul><li>Gastroparesis is delayed gastric emptying without mechanical obstruction; dumping is abnormally rapid gastric emptying.</li><li>Solid gastric emptying scintigraphy is the diagnostic test of choice for suspected gastroparesis.</li><li>Milk studies in infants can assess reflux frequency/severity and gastric emptying, but normal values are sparse and formula-dependent.</li><li>Liquid, solid, and milk/formula emptying can be discordant; interpret each phase and protocol with its own limitations.</li><li>ROI placement, timing, decay correction, and geometric-mean processing are major accuracy checks.</li></ul>	
Patient with chronic postprandial symptoms 887FJJ8RMG7Q [DD3]	"<img src=""Gastric_Motility5.jpg"">"	"<div class=""stackItem""><img src=""Gastric_Motility5_annot.jpg""><div class=""stackCap"">Anterior-posterior planar images show a dual-phase gastric emptying scan in which emptying of the liquid phase <img src=""arrow_CS.png""> is abnormal (59% at 1 hours, 67% at 2 hours) but emptying of the solid phase <img src=""arrow_BS.png""> is normal (49% at 2 hours, 96% at 4 hours).</div></div>"			Discordant liquid-solid emptying pattern	Dual-label planar gastric emptying scintigraphy. Based on the images, name 3 key interpretations and give one best discriminator for each.	Isolated liquid-phase delay<br>Isolated solid-phase delay<br>Concordant dual-phase delay	Isolated liquid delay: abnormal liquid curve with normal solid emptying.<br>Isolated solid delay: delayed solid emptying despite potentially normal liquid emptying.<br>Concordant delay: both phases show abnormal retention; the source emphasizes that the phases are not interchangeable.												<div><b>Gastric Motility</b></div><br><b>Source Basis:</b> RadPrimer article text and selected image captions captured in this audit bundle. Core evidence was NOT_PROVIDED, so Core-only claims were removed or relabeled as RadPrimer/source-package supported.<br><br><b>High-yield frame:</b><ul><li>Gastroparesis is delayed gastric emptying without mechanical obstruction; dumping is abnormally rapid gastric emptying.</li><li>Solid gastric emptying scintigraphy is the diagnostic test of choice for suspected gastroparesis.</li><li>Milk studies in infants can assess reflux frequency/severity and gastric emptying, but normal values are sparse and formula-dependent.</li><li>Liquid, solid, and milk/formula emptying can be discordant; interpret each phase and protocol with its own limitations.</li><li>ROI placement, timing, decay correction, and geometric-mean processing are major accuracy checks.</li></ul>	
Infant with vomiting and poor weight gain MPH2VFO0CIM7 [DD4]	"<img src=""Gastric_Motility15.jpg"">"	"<div class=""stackItem""><img src=""Gastric_Motility15_annot.jpg""><div class=""stackCap"">Posterior projection images from an abnormal milk study show retention of activity in the stomach <img src=""arrow_BS.png""> over 90 minutes with only 14% emptying <img src=""arrow_CS.png"">. Activity is present in the esophagus <img src=""arrow_CC.png""> at 60 and 90 minutes due to reflux.</div></div>"			Milk-study reflux-plus-retention pattern	Milk scintigraphy. Based on the images, name 3 key interpretations and give one best discriminator for each.	Delayed gastric emptying<br>Gastroesophageal reflux<br>Normal milk study	Delayed emptying: persistent gastric retention with low percentage emptying.<br>Reflux: retrograde esophageal activity on dynamic images.<br>Normal study: progressive gastric-to-bowel transit without observed esophageal reflux.												<div><b>Gastric Motility</b></div><br><b>Source Basis:</b> RadPrimer article text and selected image captions captured in this audit bundle. Core evidence was NOT_PROVIDED, so Core-only claims were removed or relabeled as RadPrimer/source-package supported.<br><br><b>High-yield frame:</b><ul><li>Gastroparesis is delayed gastric emptying without mechanical obstruction; dumping is abnormally rapid gastric emptying.</li><li>Solid gastric emptying scintigraphy is the diagnostic test of choice for suspected gastroparesis.</li><li>Milk studies in infants can assess reflux frequency/severity and gastric emptying, but normal values are sparse and formula-dependent.</li><li>Liquid, solid, and milk/formula emptying can be discordant; interpret each phase and protocol with its own limitations.</li><li>ROI placement, timing, decay correction, and geometric-mean processing are major accuracy checks.</li></ul>	
MUJ8KLWX3H18														Define gastroparesis.	Delayed gastric emptying in the absence of mechanical obstruction.<br>Boundary: It is a motility disorder, not retention caused by a fixed mechanical blockage.					<div><b>Gastric Motility</b></div><br><b>Source Basis:</b> RadPrimer article text and selected image captions captured in this audit bundle. Core evidence was NOT_PROVIDED, so Core-only claims were removed or relabeled as RadPrimer/source-package supported.<br><br><b>High-yield frame:</b><ul><li>Gastroparesis is delayed gastric emptying without mechanical obstruction; dumping is abnormally rapid gastric emptying.</li><li>Solid gastric emptying scintigraphy is the diagnostic test of choice for suspected gastroparesis.</li><li>Milk studies in infants can assess reflux frequency/severity and gastric emptying, but normal values are sparse and formula-dependent.</li><li>Liquid, solid, and milk/formula emptying can be discordant; interpret each phase and protocol with its own limitations.</li><li>ROI placement, timing, decay correction, and geometric-mean processing are major accuracy checks.</li></ul>	
PKJUYRLHYVUC														Define dumping.	Abnormally rapid gastric emptying.<br>Boundary: It is accelerated transit, not gastroesophageal reflux.					<div><b>Gastric Motility</b></div><br><b>Source Basis:</b> RadPrimer article text and selected image captions captured in this audit bundle. Core evidence was NOT_PROVIDED, so Core-only claims were removed or relabeled as RadPrimer/source-package supported.<br><br><b>High-yield frame:</b><ul><li>Gastroparesis is delayed gastric emptying without mechanical obstruction; dumping is abnormally rapid gastric emptying.</li><li>Solid gastric emptying scintigraphy is the diagnostic test of choice for suspected gastroparesis.</li><li>Milk studies in infants can assess reflux frequency/severity and gastric emptying, but normal values are sparse and formula-dependent.</li><li>Liquid, solid, and milk/formula emptying can be discordant; interpret each phase and protocol with its own limitations.</li><li>ROI placement, timing, decay correction, and geometric-mean processing are major accuracy checks.</li></ul>	
YWSH0KZX5OD3					Gastric emptying physiology					Why can liquid and solid gastric emptying be discordant?	Liquid emptying depends mainly on fundal accommodation and tonic fundal contraction, whereas solid emptying requires antral peristalsis, trituration, and pyloric passage of particles approximately 1 mm or smaller.<br>Because these phases depend on different motor functions, one may be abnormal while the other remains normal; the scintigraphic curves must therefore be interpreted separately.									<div><b>Gastric Motility</b></div><br><b>Source Basis:</b> RadPrimer article text and selected image captions captured in this audit bundle. Core evidence was NOT_PROVIDED, so Core-only claims were removed or relabeled as RadPrimer/source-package supported.<br><br><b>High-yield frame:</b><ul><li>Gastroparesis is delayed gastric emptying without mechanical obstruction; dumping is abnormally rapid gastric emptying.</li><li>Solid gastric emptying scintigraphy is the diagnostic test of choice for suspected gastroparesis.</li><li>Milk studies in infants can assess reflux frequency/severity and gastric emptying, but normal values are sparse and formula-dependent.</li><li>Liquid, solid, and milk/formula emptying can be discordant; interpret each phase and protocol with its own limitations.</li><li>ROI placement, timing, decay correction, and geometric-mean processing are major accuracy checks.</li></ul>	
LR3IGVWXBJ70					Gastric emptying scintigraphy					Why is the geometric mean preferred for calculating retained gastric activity in larger patients?	RadPrimer states that larger patients need dual-head imaging with geometric-mean calculation, and that geometric mean is generally the most appropriate method to calculate retained activity/emptying.<br>Outside clarification: Combining anterior and posterior counts as a geometric mean reduces projection-dependent attenuation bias as activity changes depth within the abdomen.									<div><b>Gastric Motility</b></div><br><b>Source Basis:</b> RadPrimer article text and selected image captions captured in this audit bundle. Core evidence was NOT_PROVIDED, so Core-only claims were removed or relabeled as RadPrimer/source-package supported.<br><br><b>High-yield frame:</b><ul><li>Gastroparesis is delayed gastric emptying without mechanical obstruction; dumping is abnormally rapid gastric emptying.</li><li>Solid gastric emptying scintigraphy is the diagnostic test of choice for suspected gastroparesis.</li><li>Milk studies in infants can assess reflux frequency/severity and gastric emptying, but normal values are sparse and formula-dependent.</li><li>Liquid, solid, and milk/formula emptying can be discordant; interpret each phase and protocol with its own limitations.</li><li>ROI placement, timing, decay correction, and geometric-mean processing are major accuracy checks.</li></ul>	
S6EI8ONTTYV7					Rapid gastric emptying					Why can a time-zero image underestimate the true starting gastric activity in rapid emptying?	If transit begins before the first acquired image, part of the meal has already entered bowel and is excluded from a stomach-only starting ROI. The apparent baseline gastric count is therefore too low. The source recommends considering total abdominal counts (stomach plus bowel) as the reference when this occurs.									<div><b>Gastric Motility</b></div><br><b>Source Basis:</b> RadPrimer article text and selected image captions captured in this audit bundle. Core evidence was NOT_PROVIDED, so Core-only claims were removed or relabeled as RadPrimer/source-package supported.<br><br><b>High-yield frame:</b><ul><li>Gastroparesis is delayed gastric emptying without mechanical obstruction; dumping is abnormally rapid gastric emptying.</li><li>Solid gastric emptying scintigraphy is the diagnostic test of choice for suspected gastroparesis.</li><li>Milk studies in infants can assess reflux frequency/severity and gastric emptying, but normal values are sparse and formula-dependent.</li><li>Liquid, solid, and milk/formula emptying can be discordant; interpret each phase and protocol with its own limitations.</li><li>ROI placement, timing, decay correction, and geometric-mean processing are major accuracy checks.</li></ul>	
M0VSIG91YS37					Pediatric milk gastric emptying							What is the pitfall of stopping an infant milk study after 1 hour, and what prevents it?	Trap: Assuming the 1-hour emptying value reliably predicts the 2-hour result.<br>Safety check: Continue imaging for the full 2 hours.<br>Discriminator: The source states that 1-hour emptying is a poor predictor of 2-hour emptying.<br>Why it happens: Early and later emptying rates are not interchangeable.							<div><b>Gastric Motility</b></div><br><b>Source Basis:</b> RadPrimer article text and selected image captions captured in this audit bundle. Core evidence was NOT_PROVIDED, so Core-only claims were removed or relabeled as RadPrimer/source-package supported.<br><br><b>High-yield frame:</b><ul><li>Gastroparesis is delayed gastric emptying without mechanical obstruction; dumping is abnormally rapid gastric emptying.</li><li>Solid gastric emptying scintigraphy is the diagnostic test of choice for suspected gastroparesis.</li><li>Milk studies in infants can assess reflux frequency/severity and gastric emptying, but normal values are sparse and formula-dependent.</li><li>Liquid, solid, and milk/formula emptying can be discordant; interpret each phase and protocol with its own limitations.</li><li>ROI placement, timing, decay correction, and geometric-mean processing are major accuracy checks.</li></ul>	
0KZFNVAJ9YCN					Pediatric solid gastric emptying							What is the pitfall when the 2-hour value is abnormal but the 4-hour value is normal, and what prevents overcalling?	Trap: Labeling the study definitively abnormal from the 2-hour value alone.<br>Safety check: Review the completed 4-hour result and apply the institution's stated interpretive policy.<br>Discriminator: A normal 4-hour result may conflict with an abnormal 2-hour value.<br>Why it happens: Pediatric criteria and institutional interpretation are variable.							<div><b>Gastric Motility</b></div><br><b>Source Basis:</b> RadPrimer article text and selected image captions captured in this audit bundle. Core evidence was NOT_PROVIDED, so Core-only claims were removed or relabeled as RadPrimer/source-package supported.<br><br><b>High-yield frame:</b><ul><li>Gastroparesis is delayed gastric emptying without mechanical obstruction; dumping is abnormally rapid gastric emptying.</li><li>Solid gastric emptying scintigraphy is the diagnostic test of choice for suspected gastroparesis.</li><li>Milk studies in infants can assess reflux frequency/severity and gastric emptying, but normal values are sparse and formula-dependent.</li><li>Liquid, solid, and milk/formula emptying can be discordant; interpret each phase and protocol with its own limitations.</li><li>ROI placement, timing, decay correction, and geometric-mean processing are major accuracy checks.</li></ul>	
LEJ9M4S79IP0					Gastric emptying processing							What is the pitfall of using only one projection in a larger patient, and what prevents it?	Trap: Using single-projection counts in a larger patient when the source recommends dual-head acquisition with geometric-mean calculation.<br>Safety check: Use dual-head acquisition and geometric mean in young adults and larger patients.<br>Outside clarification: A single projection is more vulnerable to attenuation changes as gastric activity changes position/depth.							<div><b>Gastric Motility</b></div><br><b>Source Basis:</b> RadPrimer article text and selected image captions captured in this audit bundle. Core evidence was NOT_PROVIDED, so Core-only claims were removed or relabeled as RadPrimer/source-package supported.<br><br><b>High-yield frame:</b><ul><li>Gastroparesis is delayed gastric emptying without mechanical obstruction; dumping is abnormally rapid gastric emptying.</li><li>Solid gastric emptying scintigraphy is the diagnostic test of choice for suspected gastroparesis.</li><li>Milk studies in infants can assess reflux frequency/severity and gastric emptying, but normal values are sparse and formula-dependent.</li><li>Liquid, solid, and milk/formula emptying can be discordant; interpret each phase and protocol with its own limitations.</li><li>ROI placement, timing, decay correction, and geometric-mean processing are major accuracy checks.</li></ul>	
AOV1G9GF954V														What are the most common causes of gastroparesis in children?	Idiopathic; postviral; medication effect; postsurgical.<br>Exam pivot: These are the default pediatric etiologic categories to prioritize after mechanical obstruction is excluded.					<div><b>Gastric Motility</b></div><br><b>Source Basis:</b> RadPrimer article text and selected image captions captured in this audit bundle. Core evidence was NOT_PROVIDED, so Core-only claims were removed or relabeled as RadPrimer/source-package supported.<br><br><b>High-yield frame:</b><ul><li>Gastroparesis is delayed gastric emptying without mechanical obstruction; dumping is abnormally rapid gastric emptying.</li><li>Solid gastric emptying scintigraphy is the diagnostic test of choice for suspected gastroparesis.</li><li>Milk studies in infants can assess reflux frequency/severity and gastric emptying, but normal values are sparse and formula-dependent.</li><li>Liquid, solid, and milk/formula emptying can be discordant; interpret each phase and protocol with its own limitations.</li><li>ROI placement, timing, decay correction, and geometric-mean processing are major accuracy checks.</li></ul>	
46JDWP6XKD2X														Which underlying conditions make gastroparesis more common according to the source?	Diabetes mellitus and muscular dystrophy.<br>Exam pivot: These associations raise the pretest probability when symptoms suggest impaired gastric emptying.					<div><b>Gastric Motility</b></div><br><b>Source Basis:</b> RadPrimer article text and selected image captions captured in this audit bundle. Core evidence was NOT_PROVIDED, so Core-only claims were removed or relabeled as RadPrimer/source-package supported.<br><br><b>High-yield frame:</b><ul><li>Gastroparesis is delayed gastric emptying without mechanical obstruction; dumping is abnormally rapid gastric emptying.</li><li>Solid gastric emptying scintigraphy is the diagnostic test of choice for suspected gastroparesis.</li><li>Milk studies in infants can assess reflux frequency/severity and gastric emptying, but normal values are sparse and formula-dependent.</li><li>Liquid, solid, and milk/formula emptying can be discordant; interpret each phase and protocol with its own limitations.</li><li>ROI placement, timing, decay correction, and geometric-mean processing are major accuracy checks.</li></ul>	
6GGGKO3IP7S7														How does the sex distribution of gastroparesis change with age?	Overall male-to-female distribution is relatively even, but gastroparesis becomes more common in females as age increases.<br>Exam pivot: Increasing age shifts the diagnostic prior toward female patients.					<div><b>Gastric Motility</b></div><br><b>Source Basis:</b> RadPrimer article text and selected image captions captured in this audit bundle. Core evidence was NOT_PROVIDED, so Core-only claims were removed or relabeled as RadPrimer/source-package supported.<br><br><b>High-yield frame:</b><ul><li>Gastroparesis is delayed gastric emptying without mechanical obstruction; dumping is abnormally rapid gastric emptying.</li><li>Solid gastric emptying scintigraphy is the diagnostic test of choice for suspected gastroparesis.</li><li>Milk studies in infants can assess reflux frequency/severity and gastric emptying, but normal values are sparse and formula-dependent.</li><li>Liquid, solid, and milk/formula emptying can be discordant; interpret each phase and protocol with its own limitations.</li><li>ROI placement, timing, decay correction, and geometric-mean processing are major accuracy checks.</li></ul>	
2VTDCRRQQKSR														What is the diagnostic test of choice for suspected gastroparesis?	Solid gastric emptying scintigraphy.					<div><b>Gastric Motility</b></div><br><b>Source Basis:</b> RadPrimer article text and selected image captions captured in this audit bundle. Core evidence was NOT_PROVIDED, so Core-only claims were removed or relabeled as RadPrimer/source-package supported.<br><br><b>High-yield frame:</b><ul><li>Gastroparesis is delayed gastric emptying without mechanical obstruction; dumping is abnormally rapid gastric emptying.</li><li>Solid gastric emptying scintigraphy is the diagnostic test of choice for suspected gastroparesis.</li><li>Milk studies in infants can assess reflux frequency/severity and gastric emptying, but normal values are sparse and formula-dependent.</li><li>Liquid, solid, and milk/formula emptying can be discordant; interpret each phase and protocol with its own limitations.</li><li>ROI placement, timing, decay correction, and geometric-mean processing are major accuracy checks.</li></ul>	
N1MIC1EVMYW7														What preparation is recommended before gastric emptying scintigraphy?	Fast for 4–6 hours.<br>Hold promotility medications for 48–72 hours unless the referring clinician specifically wants their treatment effect assessed.					<div><b>Gastric Motility</b></div><br><b>Source Basis:</b> RadPrimer article text and selected image captions captured in this audit bundle. Core evidence was NOT_PROVIDED, so Core-only claims were removed or relabeled as RadPrimer/source-package supported.<br><br><b>High-yield frame:</b><ul><li>Gastroparesis is delayed gastric emptying without mechanical obstruction; dumping is abnormally rapid gastric emptying.</li><li>Solid gastric emptying scintigraphy is the diagnostic test of choice for suspected gastroparesis.</li><li>Milk studies in infants can assess reflux frequency/severity and gastric emptying, but normal values are sparse and formula-dependent.</li><li>Liquid, solid, and milk/formula emptying can be discordant; interpret each phase and protocol with its own limitations.</li><li>ROI placement, timing, decay correction, and geometric-mean processing are major accuracy checks.</li></ul>	
BT1IVW7UHY6Y														What meal is commonly used for solid gastric emptying scintigraphy?	Egg or egg substitute, bread with butter, and water.<br>Ensure Plus may substitute for the solid meal and uses the same normal values according to the source.					<div><b>Gastric Motility</b></div><br><b>Source Basis:</b> RadPrimer article text and selected image captions captured in this audit bundle. Core evidence was NOT_PROVIDED, so Core-only claims were removed or relabeled as RadPrimer/source-package supported.<br><br><b>High-yield frame:</b><ul><li>Gastroparesis is delayed gastric emptying without mechanical obstruction; dumping is abnormally rapid gastric emptying.</li><li>Solid gastric emptying scintigraphy is the diagnostic test of choice for suspected gastroparesis.</li><li>Milk studies in infants can assess reflux frequency/severity and gastric emptying, but normal values are sparse and formula-dependent.</li><li>Liquid, solid, and milk/formula emptying can be discordant; interpret each phase and protocol with its own limitations.</li><li>ROI placement, timing, decay correction, and geometric-mean processing are major accuracy checks.</li></ul>	
GMMILKDOSE01														What radiopharmaceutical and dose range are stated for an infant milk/formula reflux study?	Milk or formula is generally labeled with Tc-99m DTPA or Tc-99m sulfur colloid.<br>Consensus guideline dose: 0.25-1 mCi (9-37 MBq).<br>Formula volume is titrated by patient age.					<div><b>Gastric Motility</b></div><br><b>Source Basis:</b> RadPrimer article text and selected image captions captured in this audit bundle. Core evidence was NOT_PROVIDED, so Core-only claims were removed or relabeled as RadPrimer/source-package supported.<br><br><b>High-yield frame:</b><ul><li>Gastroparesis is delayed gastric emptying without mechanical obstruction; dumping is abnormally rapid gastric emptying.</li><li>Solid gastric emptying scintigraphy is the diagnostic test of choice for suspected gastroparesis.</li><li>Milk studies in infants can assess reflux frequency/severity and gastric emptying, but normal values are sparse and formula-dependent.</li><li>Liquid, solid, and milk/formula emptying can be discordant; interpret each phase and protocol with its own limitations.</li><li>ROI placement, timing, decay correction, and geometric-mean processing are major accuracy checks.</li></ul>	
GMSOLIDDOSE01														What radiopharmaceutical and pediatric dose range are stated for a solid gastric emptying study?	The solid meal is generally labeled with Tc-99m DTPA or Tc-99m sulfur colloid.<br>Consensus guideline pediatric dose: 0.25-0.5 mCi (9-18.5 MBq).					<div><b>Gastric Motility</b></div><br><b>Source Basis:</b> RadPrimer article text and selected image captions captured in this audit bundle. Core evidence was NOT_PROVIDED, so Core-only claims were removed or relabeled as RadPrimer/source-package supported.<br><br><b>High-yield frame:</b><ul><li>Gastroparesis is delayed gastric emptying without mechanical obstruction; dumping is abnormally rapid gastric emptying.</li><li>Solid gastric emptying scintigraphy is the diagnostic test of choice for suspected gastroparesis.</li><li>Milk studies in infants can assess reflux frequency/severity and gastric emptying, but normal values are sparse and formula-dependent.</li><li>Liquid, solid, and milk/formula emptying can be discordant; interpret each phase and protocol with its own limitations.</li><li>ROI placement, timing, decay correction, and geometric-mean processing are major accuracy checks.</li></ul>	
235QCXN5I2YE														Which radionuclides and doses are stated for dual-label liquid emptying?	In-111: 125 μCi adult dose.<br>Ga-67: 0.0015 mCi/kg.					<div><b>Gastric Motility</b></div><br><b>Source Basis:</b> RadPrimer article text and selected image captions captured in this audit bundle. Core evidence was NOT_PROVIDED, so Core-only claims were removed or relabeled as RadPrimer/source-package supported.<br><br><b>High-yield frame:</b><ul><li>Gastroparesis is delayed gastric emptying without mechanical obstruction; dumping is abnormally rapid gastric emptying.</li><li>Solid gastric emptying scintigraphy is the diagnostic test of choice for suspected gastroparesis.</li><li>Milk studies in infants can assess reflux frequency/severity and gastric emptying, but normal values are sparse and formula-dependent.</li><li>Liquid, solid, and milk/formula emptying can be discordant; interpret each phase and protocol with its own limitations.</li><li>ROI placement, timing, decay correction, and geometric-mean processing are major accuracy checks.</li></ul>	
S8ZSMEZ38JJ2														What acquisition schedule is used for a pediatric routine gastric emptying study?	Images at time zero, 1 hour, 2 hours, and optionally 4 hours, with decay correction.<br>Many centers use the adult 4-hour standard; 4-hour images improve diagnostic performance.					<div><b>Gastric Motility</b></div><br><b>Source Basis:</b> RadPrimer article text and selected image captions captured in this audit bundle. Core evidence was NOT_PROVIDED, so Core-only claims were removed or relabeled as RadPrimer/source-package supported.<br><br><b>High-yield frame:</b><ul><li>Gastroparesis is delayed gastric emptying without mechanical obstruction; dumping is abnormally rapid gastric emptying.</li><li>Solid gastric emptying scintigraphy is the diagnostic test of choice for suspected gastroparesis.</li><li>Milk studies in infants can assess reflux frequency/severity and gastric emptying, but normal values are sparse and formula-dependent.</li><li>Liquid, solid, and milk/formula emptying can be discordant; interpret each phase and protocol with its own limitations.</li><li>ROI placement, timing, decay correction, and geometric-mean processing are major accuracy checks.</li></ul>	
7GZJBLGO66VY														When may a single-head camera be used, and when is dual-head imaging needed?	Single posterior head may be used in young patients &lt;8 years and small patients &lt;30 kg.<br>Young adults and larger patients require dual-head imaging with geometric-mean calculation.					<div><b>Gastric Motility</b></div><br><b>Source Basis:</b> RadPrimer article text and selected image captions captured in this audit bundle. Core evidence was NOT_PROVIDED, so Core-only claims were removed or relabeled as RadPrimer/source-package supported.<br><br><b>High-yield frame:</b><ul><li>Gastroparesis is delayed gastric emptying without mechanical obstruction; dumping is abnormally rapid gastric emptying.</li><li>Solid gastric emptying scintigraphy is the diagnostic test of choice for suspected gastroparesis.</li><li>Milk studies in infants can assess reflux frequency/severity and gastric emptying, but normal values are sparse and formula-dependent.</li><li>Liquid, solid, and milk/formula emptying can be discordant; interpret each phase and protocol with its own limitations.</li><li>ROI placement, timing, decay correction, and geometric-mean processing are major accuracy checks.</li></ul>	
NGA9YGNJ1JXN														Which collimators are recommended for solid-only versus dual-label studies?	Solid emptying: low-energy collimator.<br>Liquid/solid dual-label study: medium-energy collimator.					<div><b>Gastric Motility</b></div><br><b>Source Basis:</b> RadPrimer article text and selected image captions captured in this audit bundle. Core evidence was NOT_PROVIDED, so Core-only claims were removed or relabeled as RadPrimer/source-package supported.<br><br><b>High-yield frame:</b><ul><li>Gastroparesis is delayed gastric emptying without mechanical obstruction; dumping is abnormally rapid gastric emptying.</li><li>Solid gastric emptying scintigraphy is the diagnostic test of choice for suspected gastroparesis.</li><li>Milk studies in infants can assess reflux frequency/severity and gastric emptying, but normal values are sparse and formula-dependent.</li><li>Liquid, solid, and milk/formula emptying can be discordant; interpret each phase and protocol with its own limitations.</li><li>ROI placement, timing, decay correction, and geometric-mean processing are major accuracy checks.</li></ul>	
QQ69QB6W6UUM														What is the key ROI principle in gastric emptying scintigraphy?	Accurate stomach ROI placement is essential; poorly placed ROIs limit accuracy.<br>Prior upper-GI fluoroscopy, CT, or MRI can help define stomach shape and adjacent bowel.					<div><b>Gastric Motility</b></div><br><b>Source Basis:</b> RadPrimer article text and selected image captions captured in this audit bundle. Core evidence was NOT_PROVIDED, so Core-only claims were removed or relabeled as RadPrimer/source-package supported.<br><br><b>High-yield frame:</b><ul><li>Gastroparesis is delayed gastric emptying without mechanical obstruction; dumping is abnormally rapid gastric emptying.</li><li>Solid gastric emptying scintigraphy is the diagnostic test of choice for suspected gastroparesis.</li><li>Milk studies in infants can assess reflux frequency/severity and gastric emptying, but normal values are sparse and formula-dependent.</li><li>Liquid, solid, and milk/formula emptying can be discordant; interpret each phase and protocol with its own limitations.</li><li>ROI placement, timing, decay correction, and geometric-mean processing are major accuracy checks.</li></ul>	
3XZQIBH44MQE														Why must liquid and solid gastric emptying be assessed separately?	They are not equivalent; one phase may be normal while the other is abnormal.<br>Liquid emptying may remain normal even with severe gastroparesis.					<div><b>Gastric Motility</b></div><br><b>Source Basis:</b> RadPrimer article text and selected image captions captured in this audit bundle. Core evidence was NOT_PROVIDED, so Core-only claims were removed or relabeled as RadPrimer/source-package supported.<br><br><b>High-yield frame:</b><ul><li>Gastroparesis is delayed gastric emptying without mechanical obstruction; dumping is abnormally rapid gastric emptying.</li><li>Solid gastric emptying scintigraphy is the diagnostic test of choice for suspected gastroparesis.</li><li>Milk studies in infants can assess reflux frequency/severity and gastric emptying, but normal values are sparse and formula-dependent.</li><li>Liquid, solid, and milk/formula emptying can be discordant; interpret each phase and protocol with its own limitations.</li><li>ROI placement, timing, decay correction, and geometric-mean processing are major accuracy checks.</li></ul>	
GMCHOGLE2013														What Chogle et al. pediatric retention thresholds are listed for delayed gastric emptying?	Retention >90% at 1 hour, >60% at 2 hours, or >30% at 4 hours.<br>Exam pivot: These are source-listed examples, not a universal pediatric standard.					<div><b>Gastric Motility</b></div><br><b>Source Basis:</b> RadPrimer article text and selected image captions captured in this audit bundle. Core evidence was NOT_PROVIDED, so Core-only claims were removed or relabeled as RadPrimer/source-package supported.<br><br><b>High-yield frame:</b><ul><li>Gastroparesis is delayed gastric emptying without mechanical obstruction; dumping is abnormally rapid gastric emptying.</li><li>Solid gastric emptying scintigraphy is the diagnostic test of choice for suspected gastroparesis.</li><li>Milk studies in infants can assess reflux frequency/severity and gastric emptying, but normal values are sparse and formula-dependent.</li><li>Liquid, solid, and milk/formula emptying can be discordant; interpret each phase and protocol with its own limitations.</li><li>ROI placement, timing, decay correction, and geometric-mean processing are major accuracy checks.</li></ul>	
GMRODRIGUEZ2012														What Rodriguez et al. pediatric 1-hour emptying threshold is listed for delayed emptying?	<=40% emptying at 1 hour.<br>Exam pivot: Pediatric criteria are variable and not well established.					<div><b>Gastric Motility</b></div><br><b>Source Basis:</b> RadPrimer article text and selected image captions captured in this audit bundle. Core evidence was NOT_PROVIDED, so Core-only claims were removed or relabeled as RadPrimer/source-package supported.<br><br><b>High-yield frame:</b><ul><li>Gastroparesis is delayed gastric emptying without mechanical obstruction; dumping is abnormally rapid gastric emptying.</li><li>Solid gastric emptying scintigraphy is the diagnostic test of choice for suspected gastroparesis.</li><li>Milk studies in infants can assess reflux frequency/severity and gastric emptying, but normal values are sparse and formula-dependent.</li><li>Liquid, solid, and milk/formula emptying can be discordant; interpret each phase and protocol with its own limitations.</li><li>ROI placement, timing, decay correction, and geometric-mean processing are major accuracy checks.</li></ul>	
GMWASEEM2012														What Waseem et al. half-time criteria are listed for delayed gastric emptying?	Half-time >90 minutes for solids or >60 minutes for liquids.<br>Exam pivot: Apply as one source-listed pediatric criterion rather than a universal cutoff.					<div><b>Gastric Motility</b></div><br><b>Source Basis:</b> RadPrimer article text and selected image captions captured in this audit bundle. Core evidence was NOT_PROVIDED, so Core-only claims were removed or relabeled as RadPrimer/source-package supported.<br><br><b>High-yield frame:</b><ul><li>Gastroparesis is delayed gastric emptying without mechanical obstruction; dumping is abnormally rapid gastric emptying.</li><li>Solid gastric emptying scintigraphy is the diagnostic test of choice for suspected gastroparesis.</li><li>Milk studies in infants can assess reflux frequency/severity and gastric emptying, but normal values are sparse and formula-dependent.</li><li>Liquid, solid, and milk/formula emptying can be discordant; interpret each phase and protocol with its own limitations.</li><li>ROI placement, timing, decay correction, and geometric-mean processing are major accuracy checks.</li></ul>	
GMPEDCRITCAVEAT														What overarching caveat applies to pediatric delayed gastric emptying criteria?	Criteria are highly variable and not well established in children.<br>Interpret thresholds in the context of the local protocol, meal/formula, phase studied, and completed imaging duration.					<div><b>Gastric Motility</b></div><br><b>Source Basis:</b> RadPrimer article text and selected image captions captured in this audit bundle. Core evidence was NOT_PROVIDED, so Core-only claims were removed or relabeled as RadPrimer/source-package supported.<br><br><b>High-yield frame:</b><ul><li>Gastroparesis is delayed gastric emptying without mechanical obstruction; dumping is abnormally rapid gastric emptying.</li><li>Solid gastric emptying scintigraphy is the diagnostic test of choice for suspected gastroparesis.</li><li>Milk studies in infants can assess reflux frequency/severity and gastric emptying, but normal values are sparse and formula-dependent.</li><li>Liquid, solid, and milk/formula emptying can be discordant; interpret each phase and protocol with its own limitations.</li><li>ROI placement, timing, decay correction, and geometric-mean processing are major accuracy checks.</li></ul>	
GMSIGNER1975														What Signer 1975 milk-study normal values are listed for infant gastric emptying?	Source-listed values: 48-70% emptying at 60 minutes and 24-48% emptying at 2 hours.<br>Exam pivot: Treat these as technique/formula-specific published norms, not universal normal values.					<div><b>Gastric Motility</b></div><br><b>Source Basis:</b> RadPrimer article text and selected image captions captured in this audit bundle. Core evidence was NOT_PROVIDED, so Core-only claims were removed or relabeled as RadPrimer/source-package supported.<br><br><b>High-yield frame:</b><ul><li>Gastroparesis is delayed gastric emptying without mechanical obstruction; dumping is abnormally rapid gastric emptying.</li><li>Solid gastric emptying scintigraphy is the diagnostic test of choice for suspected gastroparesis.</li><li>Milk studies in infants can assess reflux frequency/severity and gastric emptying, but normal values are sparse and formula-dependent.</li><li>Liquid, solid, and milk/formula emptying can be discordant; interpret each phase and protocol with its own limitations.</li><li>ROI placement, timing, decay correction, and geometric-mean processing are major accuracy checks.</li></ul>	
GMKNATTEN2013														What Knatten et al. milk-study normal value is listed for infant gastric emptying?	43-79% emptying at 60 minutes.<br>Exam pivot: Normative values depend on the specific consumed liquid and do not exist for custom or unique formulas.					<div><b>Gastric Motility</b></div><br><b>Source Basis:</b> RadPrimer article text and selected image captions captured in this audit bundle. Core evidence was NOT_PROVIDED, so Core-only claims were removed or relabeled as RadPrimer/source-package supported.<br><br><b>High-yield frame:</b><ul><li>Gastroparesis is delayed gastric emptying without mechanical obstruction; dumping is abnormally rapid gastric emptying.</li><li>Solid gastric emptying scintigraphy is the diagnostic test of choice for suspected gastroparesis.</li><li>Milk studies in infants can assess reflux frequency/severity and gastric emptying, but normal values are sparse and formula-dependent.</li><li>Liquid, solid, and milk/formula emptying can be discordant; interpret each phase and protocol with its own limitations.</li><li>ROI placement, timing, decay correction, and geometric-mean processing are major accuracy checks.</li></ul>	
QLJ5H9PJXVBZ														What can a milk scintigraphy study assess in infants?	Frequency and proximal severity of gastroesophageal reflux plus gastric emptying.<br>Milk and formula behave more like solids than liquids in the acidic stomach.					<div><b>Gastric Motility</b></div><br><b>Source Basis:</b> RadPrimer article text and selected image captions captured in this audit bundle. Core evidence was NOT_PROVIDED, so Core-only claims were removed or relabeled as RadPrimer/source-package supported.<br><br><b>High-yield frame:</b><ul><li>Gastroparesis is delayed gastric emptying without mechanical obstruction; dumping is abnormally rapid gastric emptying.</li><li>Solid gastric emptying scintigraphy is the diagnostic test of choice for suspected gastroparesis.</li><li>Milk studies in infants can assess reflux frequency/severity and gastric emptying, but normal values are sparse and formula-dependent.</li><li>Liquid, solid, and milk/formula emptying can be discordant; interpret each phase and protocol with its own limitations.</li><li>ROI placement, timing, decay correction, and geometric-mean processing are major accuracy checks.</li></ul>	
6ARTB5U1HZ0B														What is the dosimetry stated for pediatric Tc-99m sulfur colloid gastric studies?	Effective dose: 0.44–1.3 mSv depending on weight.<br>Critical organ: colon, 2–6 mGy.					<div><b>Gastric Motility</b></div><br><b>Source Basis:</b> RadPrimer article text and selected image captions captured in this audit bundle. Core evidence was NOT_PROVIDED, so Core-only claims were removed or relabeled as RadPrimer/source-package supported.<br><br><b>High-yield frame:</b><ul><li>Gastroparesis is delayed gastric emptying without mechanical obstruction; dumping is abnormally rapid gastric emptying.</li><li>Solid gastric emptying scintigraphy is the diagnostic test of choice for suspected gastroparesis.</li><li>Milk studies in infants can assess reflux frequency/severity and gastric emptying, but normal values are sparse and formula-dependent.</li><li>Liquid, solid, and milk/formula emptying can be discordant; interpret each phase and protocol with its own limitations.</li><li>ROI placement, timing, decay correction, and geometric-mean processing are major accuracy checks.</li></ul>	
GMGERMECH01														What mechanisms can cause gastroesophageal reflux in the RadPrimer differential for gastric motility studies?	Increased duration/frequency of lower esophageal sphincter relaxation; compromised esophageal clearance; sphincter hypotonia; increased gastric acidity; and delayed gastric emptying.					<div><b>Gastric Motility</b></div><br><b>Source Basis:</b> RadPrimer article text and selected image captions captured in this audit bundle. Core evidence was NOT_PROVIDED, so Core-only claims were removed or relabeled as RadPrimer/source-package supported.<br><br><b>High-yield frame:</b><ul><li>Gastroparesis is delayed gastric emptying without mechanical obstruction; dumping is abnormally rapid gastric emptying.</li><li>Solid gastric emptying scintigraphy is the diagnostic test of choice for suspected gastroparesis.</li><li>Milk studies in infants can assess reflux frequency/severity and gastric emptying, but normal values are sparse and formula-dependent.</li><li>Liquid, solid, and milk/formula emptying can be discordant; interpret each phase and protocol with its own limitations.</li><li>ROI placement, timing, decay correction, and geometric-mean processing are major accuracy checks.</li></ul>	
GMSYMPTOMS01														What symptoms are listed for gastroparesis?	Nausea, vomiting, early satiety, bloating, abdominal pain, and weight loss.<br>In infants, failure to thrive and irritability may be seen.					<div><b>Gastric Motility</b></div><br><b>Source Basis:</b> RadPrimer article text and selected image captions captured in this audit bundle. Core evidence was NOT_PROVIDED, so Core-only claims were removed or relabeled as RadPrimer/source-package supported.<br><br><b>High-yield frame:</b><ul><li>Gastroparesis is delayed gastric emptying without mechanical obstruction; dumping is abnormally rapid gastric emptying.</li><li>Solid gastric emptying scintigraphy is the diagnostic test of choice for suspected gastroparesis.</li><li>Milk studies in infants can assess reflux frequency/severity and gastric emptying, but normal values are sparse and formula-dependent.</li><li>Liquid, solid, and milk/formula emptying can be discordant; interpret each phase and protocol with its own limitations.</li><li>ROI placement, timing, decay correction, and geometric-mean processing are major accuracy checks.</li></ul>	
GMCOMPLICATIONS01														What complications of gastroparesis are listed in the source?	Gastroesophageal reflux, esophagitis, and gastritis.					<div><b>Gastric Motility</b></div><br><b>Source Basis:</b> RadPrimer article text and selected image captions captured in this audit bundle. Core evidence was NOT_PROVIDED, so Core-only claims were removed or relabeled as RadPrimer/source-package supported.<br><br><b>High-yield frame:</b><ul><li>Gastroparesis is delayed gastric emptying without mechanical obstruction; dumping is abnormally rapid gastric emptying.</li><li>Solid gastric emptying scintigraphy is the diagnostic test of choice for suspected gastroparesis.</li><li>Milk studies in infants can assess reflux frequency/severity and gastric emptying, but normal values are sparse and formula-dependent.</li><li>Liquid, solid, and milk/formula emptying can be discordant; interpret each phase and protocol with its own limitations.</li><li>ROI placement, timing, decay correction, and geometric-mean processing are major accuracy checks.</li></ul>	
GMTREATSEVERE01														What treatment options are listed for more severe or persistent gastroparesis?	Medical/diet options include proton pump inhibitors, promotility medications, small frequent meals, decreased fat, and lactose-free diet.<br>Severe weight loss or failure to thrive may require gastrostomy/gastrojejunostomy nutritional support; pyloroplasty and fundoplication are listed surgical options.					<div><b>Gastric Motility</b></div><br><b>Source Basis:</b> RadPrimer article text and selected image captions captured in this audit bundle. Core evidence was NOT_PROVIDED, so Core-only claims were removed or relabeled as RadPrimer/source-package supported.<br><br><b>High-yield frame:</b><ul><li>Gastroparesis is delayed gastric emptying without mechanical obstruction; dumping is abnormally rapid gastric emptying.</li><li>Solid gastric emptying scintigraphy is the diagnostic test of choice for suspected gastroparesis.</li><li>Milk studies in infants can assess reflux frequency/severity and gastric emptying, but normal values are sparse and formula-dependent.</li><li>Liquid, solid, and milk/formula emptying can be discordant; interpret each phase and protocol with its own limitations.</li><li>ROI placement, timing, decay correction, and geometric-mean processing are major accuracy checks.</li></ul>	
GMMILKACQ01														How is an infant milk study acquired when assessing reflux versus gastric emptying?	Reflux assessment: anterior or posterior single-head images every 5-30 seconds for 1 hour to assess number and proximal severity of reflux events.<br>Gastric emptying assessment: anterior or posterior single-head images at time zero, 1 hour, and 2 hours, corrected for decay.					<div><b>Gastric Motility</b></div><br><b>Source Basis:</b> RadPrimer article text and selected image captions captured in this audit bundle. Core evidence was NOT_PROVIDED, so Core-only claims were removed or relabeled as RadPrimer/source-package supported.<br><br><b>High-yield frame:</b><ul><li>Gastroparesis is delayed gastric emptying without mechanical obstruction; dumping is abnormally rapid gastric emptying.</li><li>Solid gastric emptying scintigraphy is the diagnostic test of choice for suspected gastroparesis.</li><li>Milk studies in infants can assess reflux frequency/severity and gastric emptying, but normal values are sparse and formula-dependent.</li><li>Liquid, solid, and milk/formula emptying can be discordant; interpret each phase and protocol with its own limitations.</li><li>ROI placement, timing, decay correction, and geometric-mean processing are major accuracy checks.</li></ul>	
GMNONSTANDARD01														How should nonstandard formulas or meals be reported when normal values are unavailable?	Percentage emptying or half-time can still help clinical decision making, but the report should acknowledge that defined normal values may not exist for that specific formula or meal.					<div><b>Gastric Motility</b></div><br><b>Source Basis:</b> RadPrimer article text and selected image captions captured in this audit bundle. Core evidence was NOT_PROVIDED, so Core-only claims were removed or relabeled as RadPrimer/source-package supported.<br><br><b>High-yield frame:</b><ul><li>Gastroparesis is delayed gastric emptying without mechanical obstruction; dumping is abnormally rapid gastric emptying.</li><li>Solid gastric emptying scintigraphy is the diagnostic test of choice for suspected gastroparesis.</li><li>Milk studies in infants can assess reflux frequency/severity and gastric emptying, but normal values are sparse and formula-dependent.</li><li>Liquid, solid, and milk/formula emptying can be discordant; interpret each phase and protocol with its own limitations.</li><li>ROI placement, timing, decay correction, and geometric-mean processing are major accuracy checks.</li></ul>	
